	x	y	z
0	-3.213302015485906	0.0002566685737786021	7.546237290852985e-11
1	-3.0561110611059155	-0.9927208357053732	-8.86170304767315e-09
2	-2.5997669061952586	-1.888523937093202	3.093272695638035e-09
3	-1.8889391521964367	-2.5994651008644443	-5.367837152005114e-09
4	-0.9932090629068379	-3.0559525394186706	2.0116411371179008e-08
5	-0.00025666859011862095	-3.213301924635347	-1.1105544461604836e-08
6	0.9927208504126876	-3.0561111695979957	2.1457887055288974e-08
7	1.8885238753647713	-2.599766838175245	2.1564274942634332e-08
8	2.5994650225940465	-1.8889392319855673	-1.528842129869323e-08
9	3.0559524787281083	-0.9932090502320723	6.414866435237118e-10
10	3.213302015485906	-0.00025666857377904754	-7.546244004232837e-11
11	3.0561110611059155	0.9927208357053732	8.86170305513246e-09
12	2.5997669061952586	1.888523937093202	-3.093272688178724e-09
13	1.8889391521964367	2.5994651008644443	5.367837159464425e-09
14	0.9932090629068376	3.0559525394186706	-2.0116411363719698e-08
15	0.0002566685901184877	3.213301924635347	1.1105544469064146e-08
16	-0.9927208504126879	3.0561111695979957	-2.1457887047829664e-08
17	-1.8885238753647713	2.599766838175245	-2.1564274935175022e-08
18	-2.5994650225940465	1.8889392319855673	1.528842130615254e-08
19	-3.0559524787281083	0.9932090502320723	-6.414866360644009e-10
20	-3.1129608632847003	0.0007389169610880841	0.47049132459749565
21	-2.9608293301912116	-0.9612549354943087	0.4697339488306689
22	-2.5188710366602396	-1.8291545114437104	0.46929490501188115
23	-1.8303484268878474	-2.518003604950518	0.46921720520399873
24	-0.9626583761304522	-2.9603728998454026	0.4695085122360053
25	-0.0007366337321487903	-3.112960569705421	0.47014020129273226
26	0.9612571890749034	-2.9608295740828154	0.471050500888077
27	1.8291565156374752	-2.5188722522198708	0.47215024825085666
28	2.5180051521821647	-1.8303500996646525	0.4733318814627547
29	2.9603739550023174	-0.9626604320176188	0.47447969041377397
30	3.112960741617148	-0.0007389109779400218	0.47548129990707433
31	2.960829208551165	0.961254979595905	0.47623871353632324
32	2.518871153428022	1.8291544985143293	0.47667773835988897
33	1.8303484244377213	2.5180037132938913	0.4767554393163163
34	0.9626583736983274	2.9603730038791145	0.47646415421663424
35	0.0007366337560608658	3.112960432611683	0.4758324557420902
36	-0.9612571915070282	2.9608296781165273	0.47492216556456257
37	-1.8291565180846008	2.518872359844967	0.47382239992484576
38	-2.518005273838884	1.8303500881531385	0.4726407547902573
39	-2.960374076666366	0.9626604818654302	0.4714929427101189
40	-3.0133709504924866	0.000792564926004065	0.9385947450377672
41	-2.8664271476613052	-0.9302335426957942	0.9355489447154409
42	-2.4389715199631747	-1.770286483900533	0.9335068622302495
43	-1.7728468652989877	-2.4371361000220357	0.9326684134786022
44	-0.9332577493553298	-2.8655064711275653	0.9331158253410331
45	-0.0023890518125241535	-3.013465667343165	0.9348050709755401
46	0.9286392883821981	-2.8665306298724698	0.9375710144999216
47	1.768691642546794	-2.439084168757567	0.9411427023541795
48	2.4355380471078067	-1.7729677604269838	0.9451706690284347
49	2.8639026573622357	-0.9333855645944241	0.9492605327155489
50	3.011854465850176	-0.00252168210149	0.9530120385145341
51	2.864910663014322	0.9285043670340903	0.9560578273444298
52	2.4374550353208626	1.7685573667250472	0.9580999213220518
53	1.7713303805993283	2.4354068773665443	0.9589382886026395
54	0.9317412050750472	2.8637772427211874	0.958490906031312
55	0.0008725460945908691	3.011736684377114	0.9568016478492478
56	-0.9301557730338534	2.8648013957245477	0.9540357460675185
57	-1.7702081272464534	2.437354946102076	0.9504639997270622
58	-2.437054531750118	1.7712386432514982	0.9464361145238664
59	-2.8654191420572235	0.9316564004251506	0.9423461808581233
60	-2.9145216053705223	-0.0009549551520253335	1.406770088837141
61	-2.7727273805098673	-0.9009910492700679	1.3999644516432381
62	-2.3597407129225036	-1.713169650391337	1.3949519823853984
63	-1.7159881033151	-2.3579888396909334	1.3922233483779662
64	-0.9044839837663612	-2.7723294629843216	1.3920455389110362
65	-0.004664369262042255	-2.9156326996435977	1.3944360661725044
66	0.8953902657227402	-2.7738713902999477	1.3991609205463118
67	1.7075761838032104	-2.360921747768726	1.4057575476211204
68	2.3523911982676706	-1.7172064527774067	1.413580213295412
69	2.7667161458724854	-0.905736587277055	1.4218632106063633
70	2.9099938372408736	-0.005944705283569605	1.4297957872906086
71	2.7681996123802186	0.8940913888344729	1.4366014244845116
72	2.3552131832113563	1.706269989974429	1.4416138935503346
73	1.7114604544520498	2.3510892847446874	1.4443426091248348
74	0.8999563348366197	2.765429685585634	1.4445203141358443
75	0.00013672465835306934	2.9087331561901193	1.4421298328406293
76	-0.8999179146524817	2.7669716129012603	1.4374049325005687
77	-1.7121038327142648	2.354022204314911	1.4308083513954821
78	-2.356918727978818	1.7103067923604987	1.422985662640321
79	-2.7712436756796412	0.898836949845008	1.4147025483569726
80	-2.816395940162667	-0.005349618664316849	1.874885399783412
81	-2.6797060698722497	-0.874354378046627	1.8630452669746578
82	-2.281148080592308	-1.6586126896442994	1.853869152126422
83	-1.6597357768497814	-2.2813557296931752	1.8482553064304323
84	-0.87629731208373	-2.681625077005087	1.8467531112500373
85	-0.0075211428455481694	-2.8202397476781402	1.8495095741736727
86	0.8615508847575044	-2.683631011539703	1.8562550893733267
87	1.645848021338609	-2.2851712638939805	1.8663292444961077
88	2.268597719335366	-1.6638643511570457	1.8787459424151671
89	2.6688409503487285	-0.8805280568342105	1.8922895881850437
90	2.807399027303687	-0.011841003684680627	1.9056346733891487
91	2.670708918496425	0.8571637494206947	1.9174746836713075
92	2.2721509293101554	1.6414220087903975	1.9266509097457252
93	1.650738625567629	2.2641650488392733	1.9322647554417147
94	0.8673002204155461	2.6644345131282927	1.9337669735589667
95	-0.001475961861147472	2.803049183800324	1.931010510645832
96	-0.8705480360303136	2.6664404476582373	1.9242649954836812
97	-1.654845053411511	2.2679805830494217	1.9141908172800308
98	-2.2775948706175186	1.6466736703031437	1.90177411945698
99	-2.6778378632100437	0.8633374052421041	1.8882304792413018
100	-2.7189706337720643	-0.013211321930803892	2.3428063389304277
101	-2.5873344859088374	-0.8511202893193502	2.324862354015121
102	-2.2031599794266126	-1.6073910678244292	2.3105118607743282
103	-1.6040529109460056	-2.2079945280498587	2.3011595082754632
104	-0.8486578883301137	-2.594139600868941	2.2977212997912044
105	-0.010918322829096789	-2.7280275904060662	2.3005334886913498
106	0.8271619917813144	-2.596552678235155	2.3093204863244687
107	1.5835458933826085	-2.212584521935265	2.3232227163276558
108	2.1841933649643615	-1.61370862402789	2.34087911694524
109	2.5703086211370656	-0.8585470337241664	2.3605612641012765
110	2.7040961755777766	-0.021020279614640813	2.3803424783017313
111	2.572460027908902	0.8168886710472926	2.398286702908047
112	2.188285521429013	1.5731594787954803	2.4126372018950555
113	1.5891784527563895	2.173762984990632	2.4219893204491263
114	0.833783370622537	2.5599079178477457	2.4254276229689253
115	-0.003956162167505181	2.6937961183474366	2.422615596984647
116	-0.842036449980274	2.5623210182034923	2.4138283194152597
117	-1.598420351476216	2.178352955891177	2.399926229369331
118	-2.199067822961961	1.579477034998941	2.3822699457241434
119	-2.5851830791370007	0.8243154154521087	2.3625877928218917
120	-2.6222152157438545	-0.025325876330852825	2.8103979090101787
121	-2.4955798441855714	-0.8320498663575967	2.7854919823664597
122	-2.1257413285101827	-1.560243388282218	2.765145699504023
123	-1.5489018026323405	-2.1386257545287473	2.751350640099205
124	-0.8215265056130086	-2.510580969002386	2.74545716431221
125	-0.014815825099347367	-2.6396994871592097	2.748042393512682
126	0.7922636785392501	-2.5133421181960696	2.758852941107235
127	1.5207093922050783	-2.143877720356972	2.77683065695514
128	2.0992160529938038	-1.567472105316067	2.800215965684689
129	2.4711554904345876	-0.8405477744322488	2.8267197642747326
130	2.6001192985528854	-0.034261103941284746	2.8537473555750403
131	2.473484165406095	0.7724627983748191	2.8786532647880967
132	2.103645649728371	1.500656291056331	2.898999541904318
133	1.526806004641278	2.079038657293517	2.9127946014051447
134	0.7994307076312895	2.450993988739592	2.918688100177001
135	-0.007279959853203166	2.5801123899250014	2.916102847981167
136	-0.8143594169163437	2.453755137937947	2.905292323333972
137	-1.5428051903881574	2.084290669091464	2.8873143506044157
138	-2.1213119701941165	1.5078850080714934	2.863929275915669
139	-2.4932511692140635	0.780960706449471	2.8374254828798238
140	-2.5260925433342836	-0.04243750219206572	3.277524897105272
141	-2.4044050671580597	-0.8178636213199496	3.245016324943224
142	-2.048854657119095	-1.517868473312386	3.2180471116572313
143	-1.494244859633329	-2.073930720611439	3.1992577744275703
144	-0.7948648385916945	-2.431619223887963	3.1904869954406365
145	-0.019174849845288423	-2.555920770083589	3.1925936337100604
146	0.7568952180935176	-2.4346679487688556	3.2053714912925266
147	1.4573782456710986	-2.0797297340772483	3.2275697381022406
148	2.0137061005763597	-1.5258501233931767	3.2570151498666937
149	2.3714214793341792	-0.8272466076480888	3.290825970339508
150	2.4955086204597183	-0.05230339858027046	3.325692215957227
151	2.3738211442834944	0.7231227205476134	3.3582007881192744
152	2.0182704958353725	1.4231276894937992	3.3851700245821448
153	1.4636608175495134	1.9791898198297597	3.4039593387309366
154	0.7642808561031603	2.336878206138519	3.412730094685005
155	-0.011409168033491882	2.461179752331371	3.4106234564440836
156	-0.7874792601866769	2.33992693101474	3.397845598881119
157	-1.4879622875628975	1.984988787325847	3.37564760900106
158	-2.0442900234415813	1.4311093395932766	3.346201986180666
159	-2.4020054022087445	0.7325057068757527	3.3123911427229906
160	-2.4305597534276218	-0.065241530718127	3.7440547673555153
161	-2.313769262851213	-0.8092363900932255	3.7035216672742757
162	-1.9724607031910335	-1.480922638105502	3.6695006486953194
163	-1.4400440067234477	-2.0145509548251246	3.6453214453362697
164	-0.7686356860614695	-2.357885995623658	3.6333511930934796
165	-0.023957957187596888	-2.477319821342514	3.634761778170394
166	0.7210949426005652	-2.3611614322049608	3.6494146643269083
167	1.393592075078132	-2.0207812180771003	3.675876047645474
168	1.9277047913391696	-1.4894977980781756	3.711555136755834
169	2.271150335648489	-0.8193171278517652	3.7529598490108254
170	2.3903098592914813	-0.07584102347993395	3.7960370350504893
171	2.2735191301033866	0.6681538672246454	3.836569898505844
172	1.9322106898456424	1.3398400838980977	3.8705911538066933
173	1.3997939931766965	1.8734683296150063	3.894770100236088
174	0.7283857321193431	2.2168033704182113	3.906740352430874
175	-0.01629200233311948	2.336237313109066	3.9053297903433206
176	-0.7613448965426913	2.2200788069995143	3.8906768811974453
177	-1.4338420884328664	1.87969854689726	3.8642157318716777
178	-1.967954685667327	1.348415289849837	3.8285364317053765
179	-2.311400229785798	0.6782345590321498	3.7871319505220713
180	-2.33556778664409	-0.09437785963940508	4.209857124185564
181	-2.223627486493887	-0.8067930978651842	4.161098753408487
182	-1.8965185362440626	-1.4500171337487802	4.119794613187476
183	-1.3862610467831271	-1.96108702439831	4.089989506687129
184	-0.7428024384925065	-2.289975337072956	4.074599242376314
185	-0.02912888736212549	-2.4044885405363856	4.075131724218699
186	0.6849002383705153	-2.293417081004358	4.09153428413984
187	1.3293907495475228	-1.9676334749697795	4.1222011812192525
188	1.8412554455176635	-1.4590277133933505	4.1641310114001575
189	2.170389393710142	-0.8173855471963883	4.213218692871622
190	2.2845749419785357	-0.10551543911695345	4.264659369098278
191	2.172634403791894	0.6068996824768215	4.313418203108591
192	1.8455255723786008	1.2501239519555145	4.354721903177236
193	1.3352680834937158	1.7611937046958779	4.384527711511964
194	0.6918094152144361	2.090082109305296	4.399917507981196
195	-0.02186412288677645	2.204595195797312	4.399385003143449
196	-0.7358932018519438	2.093523807271648	4.382982700114459
197	-1.3803837132209675	1.7677402472067916	4.352315569090253
198	-1.892248408807075	1.2591343936909185	4.310386206798936
199	-2.221382476412135	0.6174921318080256	4.261298263645456
200	-2.2410625762138903	-0.13042495869675072	4.674808292882984
201	-2.1339316971506648	-0.8111041404697892	4.6178395636324945
202	-1.8209855583652241	-1.4257158243901178	4.569220057377018
203	-1.3328575485488212	-1.9140974652036598	4.533708595095192
204	-0.7173289652132161	-2.2284429086892823	4.514781855399915
205	-0.034652151531347854	-2.3379819222947646	4.514292219880852
206	0.6483478371136449	-2.2319917507865314	4.5322871449267
207	1.2648141423748267	-1.920847798699156	4.567005810974159
208	1.754402700639196	-1.4350068592688634	4.615049732656833
209	2.0691893341475533	-0.8220263526156334	4.671715301183016
210	2.178360336757194	-0.14190925232030005	4.731456596499454
211	2.0712294576986396	0.5387699879389565	4.788425337242375
212	1.7582833189131994	1.153381671859285	4.837044843497851
213	1.2701553087080912	1.6417633461260532	4.872555826397659
214	0.6546268445910799	1.9561089065934554	4.891482588981789
215	-0.028050005968989006	2.0656477112841376	4.89197266943558
216	-0.7110499577357811	1.9596577486907045	4.873977299455003
217	-1.3275162630063058	1.6485136796308928	4.839258610422682
218	-1.81710482088197	1.162672706747374	4.791215168122028
219	-2.1318915739836117	0.549692292024245	4.7345491318022646
220	-2.1469845739746938	-0.17389370738679036	5.138788399456332
221	-2.0446302802145326	-0.8226818921807312	5.073838486246762
222	-1.74581667615522	-1.4085321328035791	5.018063121443315
223	-1.2797937755751716	-1.874097386197196	4.976921973495591
224	-0.6921790845345606	-2.173804883393154	4.954442924785784
225	-0.040492407027384714	-2.278317203283326	4.952825339954005
226	0.611474585386672	-2.1774038209672684	4.972228368131057
227	1.1999028404075425	-1.8809431136427808	5.010752616591172
228	1.6671929854069099	-1.4179544045912633	5.0646266827483855
229	1.9676032289610836	-0.8337583540321636	5.128576813364534
230	2.0717275281323184	-0.1855402838651423	5.196344167390333
231	1.9693731151558995	0.46324781319012814	5.261294063457265
232	1.6705596303058377	1.0490980538223196	5.317069428164703
233	1.2045367297234537	1.5146632779728273	5.358210570366212
234	0.6169220386921854	1.8143708921412214	5.38068964206088
235	-0.03476465744143564	1.918883212029934	5.38230722690766
236	-0.6867316312290471	1.817969829715336	5.362904198715607
237	-1.275159885875227	1.521508913478968	5.324380395160219
238	-1.742450030872259	1.0585202336705595	5.2705063347492205
239	-2.042860274810466	0.4743242750509038	5.206555736243485
240	-2.053270176073837	-0.22522353953534216	5.601687717881675
241	-1.9556682897801063	-0.8419763186448326	5.529187834300853
242	-1.670964898915358	-1.398926441781819	5.466602628879368
243	-1.227028815003051	-1.8415556445655743	5.420057937431734
244	-0.6673155581801233	-2.1265364586211812	5.3941100961037325
245	-0.04661368269247355	-2.225972833968333	5.39129939807962
246	0.5743181509874599	-2.130131431012692	5.411900571453506
247	1.134698732452742	-1.8483936094003266	5.453897030441734
248	1.5796742749161774	-1.4083380872339926	5.513178115566793
249	1.8656872533998654	-0.8530404351254534	5.583940926795689
250	1.964740873231385	-0.23685706952621227	5.659258676240144
251	1.867139106143401	0.3798956657279578	5.731758551105636
252	1.5824357152798207	0.9368458034864989	5.794343759400228
253	1.1384996313745208	1.3794750939995812	5.840888468086508
254	0.5787863145489194	1.6644558245313064	5.866835807095634
255	-0.041915530743040906	1.7638922249137865	5.869646995970194
256	-0.6628473346300051	1.668050704988045	5.8490457995874445
257	-1.223227916081272	1.3863130588343335	5.807049375076508
258	-1.6682034585517147	0.9462574489386724	5.747768272712803
259	-1.9542164370365707	0.39095978220857885	5.677005458610799
260	-1.9598520833132966	-0.2847772628573235	6.063403800698641
261	-1.8669876877611111	-0.8693714782208452	5.983977318380602
262	-1.596380629153026	-1.3973022710836975	5.915103304816802
263	-1.174519628953215	-1.816892142313392	5.863523785088559
264	-0.6426995016282742	-2.087068538722262	5.834287158041759
265	-0.052978467164077295	-2.181385060399891	5.8302564968609225
266	0.5369174922515013	-2.0906088870264634	5.8518248554488
267	1.0692452435879953	-1.823626267285562	5.896882377921036
268	1.49189680264534	-1.4065709886113897	5.9610174162807885
269	1.763500206121623	-0.8802675030526084	6.037952562457652
270	1.8574689117331356	-0.2962340012949611	6.120156628716521
271	1.7646045161856214	0.28836027255477864	6.199583122526991
272	1.493997457963906	0.8162910027212957	6.268457609726593
273	1.0721364577664303	1.2358809031940994	6.320037135201051
274	0.5403163300481127	1.5060572745699772	6.349273271373403
275	-0.04940470775733982	1.6003737043078698	6.353304400446828
276	-0.6393006638316627	1.509597622874179	6.331735573966362
277	-1.17162841477478	1.2426150281662693	6.286678542368574
278	-1.5942799738344606	0.8255597202489879	6.222543498262607
279	-1.8658833776971124	0.29925629738654197	6.145607878449941
280	-1.8666597753928418	-0.3528379844852723	6.523844999262662
281	-1.778527466304025	-0.9051815408472585	6.438290455391233
282	-1.5220111897588318	-1.4040026341832101	6.363811146015733
283	-1.1222204659318067	-1.8004731216029024	6.3076970221498305
284	-0.6182895006789337	-2.055783698427616	6.275441228088287
285	-0.05954677575801341	-2.144942876799723	6.270201370008365
286	0.49931422024232297	-2.0592230848796644	6.292490328271986
287	1.003588217554627	-1.8070151443088251	6.340125935279819
288	1.403913410228987	-1.413006971042521	6.408445792525865
289	1.6611031495126256	-0.915766783153193	6.490761677577142
290	1.7499818639150655	-0.36396797724858515	6.579016559901122
291	1.6618496740354989	0.1883755791227446	6.664571103676543
292	1.4053332782787196	0.687196643206244	6.739050407401836
293	1.0055425544493584	1.083667101382827	6.795164525521523
294	0.5016116488104538	1.3389777951846487	6.827420342519924
295	-0.057131098471544184	1.4281368565825676	6.832660177632985
296	-0.6159920721108028	1.342417181636697	6.810371242336224
297	-1.1202660694324498	1.0902091240934215	6.762735612343531
298	-1.5205913217090994	0.6962009800655546	6.6944157608917045
299	-1.7777810609904021	0.1989608214193356	6.6120998815866425
300	-1.773620463999123	-0.42960668807616453	6.98293142657715
301	-1.6902238867293837	-0.9496475336556535	6.892204236322801
302	-1.4478010679123108	-1.4193052377527577	6.812947075020152
303	-1.0700820318714976	-1.7926065980980679	6.752918969119722
304	-0.5940407239464192	-2.033010141404367	6.717995191731806
305	-0.06627524367423643	-2.116983513175194	6.711594492977549
306	0.4615530067334035	-2.036306825225642	6.734343270034966
307	0.937776509602273	-1.7988773581764261	6.784015344475501
308	1.315779185879127	-1.4279362450015707	6.855747800214016
309	1.5585595253018694	-0.9597938290189996	6.942519189987147
310	1.6423524622467902	-0.44027515106169446	7.035835784675388
311	1.5589558849747154	0.07976566527468557	7.126562969183522
312	1.3165330661529708	0.549423310885572	7.20582011899374
313	0.9388140301168292	0.9227247297171001	7.265848236386602
314	0.4627727221940865	1.163128302266508	7.300772019520733
315	-0.06499275807342457	1.2471017325235532	7.307172729767419
316	-0.5928210088697696	1.1664250780272274	7.284423473327984
317	-1.0690444517523163	0.9289954898001299	7.234751860982818
318	-1.4470471876384672	0.5580543181343848	7.1630193937998765
319	-1.689827527056538	0.08991196063803154	7.076248015519176
320	-1.6806595698538545	-0.5151999779192762	7.440594915007867
321	-1.602010364693843	-1.002933269512463	7.345784094719981
322	-1.373691202969722	-1.4434177355754818	7.262703498568429
323	-1.0180516177974344	-1.7935355382261362	7.1994849250989565
324	-0.5699040976217912	-2.019014722806588	7.162316923943554
325	-0.07311635591542338	-2.0977838450656225	7.1548377337636575
326	0.4236825015409992	-2.0221324796201596	7.17777962944429
327	0.8718623933443966	-1.7994658048129588	7.228896437068346
328	1.2275522934024465	-1.4515800713841667	7.303185094510703
329	1.4559347937141114	-1.0125287268915164	7.3933733506495
330	1.5346541653443095	-0.5252892278536182	7.490633163828534
331	1.4560049598026004	-0.03755581507787817	7.585443521973047
332	1.2276859176717634	0.40292855905503977	7.6685245859181785
333	0.8720462728878428	0.7530462739716952	7.7317431421970095
334	0.4238987229239021	0.978525634008465	7.768911177853706
335	-0.07288901172526431	1.0572947312350922	7.776389877153153
336	-0.5696878762388883	0.981643390822037	7.75344847235297
337	-1.0178677982426467	0.7589766324932906	7.702331162386037
338	-1.3735575790844383	0.4110909868031688	7.628042522086317
339	-1.6019400793961036	-0.027960357689481605	7.537854265947519
340	-1.5877015555303151	-0.6096490430901328	7.89678116433167
341	-1.5138186605164687	-1.0651228344239472	7.799086345202705
342	-1.29961982635469	-1.47647216044364	7.713238113066887
343	-0.9660723283683049	-1.8034314420179731	7.647640568553349
344	-0.5458261307721786	-2.01399564644885	7.608714892556089
345	-0.08001788437415329	-2.0875530991056954	7.600270926224467
346	0.3857558900464815	-2.016903584391245	7.623135012192643
347	0.8059019749735012	-1.8089628331691068	7.6750701031676085
348	1.1392936099147324	-1.4840853772472724	7.750991170703573
349	1.3532960737680002	-1.0740726636070559	7.843467502607586
350	1.4269611557779258	-0.6190595088825072	7.943446572538354
351	1.3530782607687513	-0.1635856590624748	8.04114140315975
352	1.1388794266028848	0.2477636157817772	8.126989625239691
353	0.8053319286112439	0.5747228315591152	8.192587156824246
354	0.3850857310197894	0.78528709447621	8.231512844313936
355	-0.08072252244010901	0.8588445136792453	8.239957290033576
356	-0.5464962897988709	0.788195032418605	8.217092724677382
357	-0.9666424343351875	0.5802542227055769	8.16515762225799
358	-1.3000340096665377	0.2553768325854097	8.089236567603006
359	-1.5140364735157175	-0.1546358298793661	7.996760245754869
360	-1.4946708783546112	-0.712899782917925	8.351450689776184
361	-1.425578525956167	-1.1362169400843471	8.252153068423803
362	-1.2255216271165985	-1.518520314093416	8.164674323818412
363	-0.9140829668071534	-1.8223873765820333	8.097577494658891
364	-0.521748445609827	-2.0180734321751483	8.057430213656442
365	-0.08692253806992889	-2.0864235195524126	8.048163012775202
366	0.3478310091398717	-2.0207467274305904	8.070681415535905
367	0.7399555429084843	-1.8274723592824857	8.122783149688733
368	1.051067079605146	-1.5255192263869277	8.19936710491922
369	1.2507119027565918	-1.1444448308282926	8.292937773761551
370	1.3193473871709795	-0.721551017012751	8.394333848410897
371	1.2502550347701993	-0.298233889089438	8.493631464017064
372	1.0501980167231322	0.08406950684261937	8.581110213028124
373	0.7387594160247357	0.387936649754458	8.648207057941733
374	0.34642495442619503	0.5836226322444722	8.68835432453064
375	-0.08840097547010926	0.6519726611337667	8.69762151393745
376	-0.523154559928129	0.5862959274952424	8.67510312269918
377	-0.9152790340862768	0.393021632459582	8.623001402863887
378	-1.2263905715574286	0.09106860302436283	8.54641649605213
379	-1.4260353939425594	-0.2900059983454924	8.452846758679316
380	-1.401492467645402	-0.824812949028312	8.804578308544528
381	-1.3372186558090207	-1.216131424359552	8.705014836281443
382	-1.1513285910391526	-1.5695282075235308	8.617096020752497
383	-0.8620183970158531	-1.8504104497865153	8.549428377080744
384	-0.49760789844728165	-2.031283375128527	8.508635217690056
385	-0.09376804087629279	-2.094441699472599	8.498708888299703
386	0.3099704619949248	-2.033703363868382	8.520622518977952
387	0.6740868538129132	-1.8550137190794922	8.572230480764187
388	0.9629389972932091	-1.5758640871025136	8.648480540763519
389	1.148251874935767	-1.2235795463895478	8.741908783256875
390	1.2118858673895252	-0.832644362958134	8.843370874528436
391	1.1476120547780693	-0.44132579147733253	8.9429333937737
392	0.9617219304047441	-0.08792899369647131	9.030852212223756
393	0.6724117959919091	0.19295332167895762	9.098519870213043
394	0.30800126762336105	0.37382627626174236	9.139313035373949
395	-0.09583856014998696	0.43698454212193244	9.14923935324787
396	-0.49957706301653276	0.37624626500393327	9.127325734062051
397	-0.8636934540687903	0.1975564070930462	9.075718702308777
398	-1.1525455975549257	-0.08159329799170503	8.999468627943907
399	-1.3378584759667185	-0.43387766944733686	8.906039446798266
400	-1.3080927965524998	-0.9451657664288575	9.256154280022242
401	-1.2486671661482807	-1.304695216709481	9.157689168279072
402	-1.0769707125071062	-1.6293728341255846	9.070552100730165
403	-0.8098100776352376	-1.8874164944845995	9.003270442730727
404	-0.47333690961074754	-2.05356738672165	8.962431651275
405	-0.10048748662342688	-2.111561466502923	8.952033228156143
406	0.2722410791555478	-2.0557215651207765	8.973091418363307
407	0.6083634826194042	-1.8915139621049162	9.023546406651596
408	0.8749777649503453	-1.63501258262195	9.098459917671567
409	1.0459859287060707	-1.311325139132302	9.19049677693222
410	1.1046482992709967	-0.9521367227351034	9.29064944385325
411	1.0452227873032898	-0.5926071470524662	9.389113608228806
412	0.8735262748302284	-0.2679296550337047	9.476251623097324
413	0.6063656391844533	-0.009885883903573943	9.543532330952047
414	0.26989244135881846	0.15626502295269537	9.584371125304884
415	-0.10295697341452888	0.21425886036944589	9.594770472704486
416	-0.4756855176051642	0.15841920135415785	9.573711358192574
417	-0.8118079806748139	-0.005788416287928965	9.523256367079181
418	-1.0784222622318484	-0.26228990654201106	9.448343806203926
419	-1.2494303075510618	-0.5859772246296454	9.356305999575659
420	-1.2144002390707236	-1.0736540474611436	9.706184862594299
421	-1.1598526652407368	-1.401650213107214	9.610182986761744
422	-1.0023765937582965	-1.6978382059523363	9.525052873299302
423	-0.7573867188139952	-1.9332244662915472	9.459124629309544
424	-0.44886447430335125	-2.084768254874331	9.418854235663632
425	-0.10701006893597806	-2.137635171987039	9.40818248132791
426	0.23471335509126023	-2.0866503710318374	9.428154651868349
427	0.5428555189426191	-1.936804363957646	9.476814563264545
428	0.7872533593491042	-1.7027652742147419	9.549399766517196
429	0.9439835091224091	-1.4074426285928638	9.638805999799084
430	0.9977040694956137	-1.0797443194240468	9.736279688131004
431	0.9431565545045214	-0.7517479406513075	9.832280633882593
432	0.785680424177347	-0.4555602340406267	9.917411663060463
433	0.5406905492377175	-0.2201739152151977	9.98333991854265
434	0.23216828982708526	-0.06863011201202748	10.023610315073672
435	-0.10968610809204563	-0.015763224141844594	10.034282063657178
436	-0.4514095246663698	-0.06674799585335318	10.014309898856954
437	-0.7595516885188968	-0.2165940175490991	9.96564998458765
438	-1.0039495289300535	-0.4506331657782212	9.893064769842567
439	-1.1606796190905575	-0.7459557090445459	9.80365855662443
440	-1.1203463808118423	-1.209895358579555	10.154692664366396
441	-1.0707047300230454	-1.5066516604469016	10.062493027727585
442	-0.9274742749593515	-1.7746143034778075	9.980575613260362
443	-0.704675292496864	-1.9875533039130016	9.916959604766571
444	-0.42411690649195666	-2.124624783514514	9.877872594343948
445	-0.11326215783590467	-2.17241089925478	9.86713902663864
446	0.19746034476246038	-2.1262344697053255	9.885811788442751
447	0.47763490597008595	-1.9906152639231658	9.932061637773403
448	0.6998360809147433	-1.7788286915903437	10.001361583618825
449	0.8423132698475642	-1.5116060174568209	10.086928638819677
450	0.8911198872640715	-1.2151045785394443	10.180385281058536
451	0.8414782960892433	-0.9183481596949904	10.272584940634202
452	0.6982477814174202	-0.6503855605334194	10.354502346530108
453	0.47544876914999223	-0.4374465929990588	10.418118348583407
454	0.19489039881693598	-0.3003752643767696	10.457206301237699
455	-0.1159643506118546	-0.2525890232438327	10.467938921671399
456	-0.42668683830439164	-0.2987653943059016	10.449266171347718
457	-0.7068613995146451	-0.4343846329865588	10.403016315552573
458	-0.9290625744566746	-0.6461711724208831	10.333716376171644
459	-1.0715397626179246	-0.9133939865686311	10.248150265369292
460	-1.0258662569259693	-1.353432596449499	10.60171691257519
461	-0.9811550975312804	-1.6192696564559905	10.51460651898737
462	-0.8521924820163553	-1.8592974175384278	10.437069354058087
463	-0.651602220494606	-2.0500205676703604	10.376696895360608
464	-0.39901941432311283	-2.172769378382089	10.339396588276117
465	-0.11916862642030643	-2.215528609837038	10.328820959191159
466	0.1605563751667814	-2.174112702680765	10.34600544171388
467	0.41277416682562124	-2.0525756229003793	10.38926717563396
468	0.6127958965843485	-1.8628143876403693	10.4543720731969
469	0.7410420613045843	-1.623403975336138	10.534946436701652
470	0.7849590099345207	-1.3577797041701338	10.623103708126107
471	0.7402479101467927	-1.0919426149158615	10.71021410741214
472	0.6112852938649685	-0.8519146553329814	10.787750339435355
473	0.4106950331063226	-0.6611917512215438	10.848123721701302
474	0.15811221127056985	-0.5384426944904883	10.885423105229327
475	-0.12173856173224815	-0.4956834776559256	10.895998731429176
476	-0.4014635476489448	-0.5370995540683646	10.878815187546737
477	-0.6536813244115921	-0.658636695989189	10.835553441403949
478	-0.8537030839676684	-0.8483978691099281	10.770448556075717
479	-0.9819492486890721	-1.087808296035714	10.689874189697857
480	-0.930899068498867	-1.5037384830220186	11.04731159899073
481	-0.891138374985523	-1.7389930102970967	10.96650722552785
482	-0.7764618760331795	-1.9513915198748568	10.894457535233094
483	-0.5980949799426427	-2.120143034605613	10.838215629598949
484	-0.37349743345944314	-2.228728796617078	10.803285888810851
485	-0.12465444647440103	-2.266520152466967	10.793089865201754
486	0.12407553449486941	-2.229817343503955	10.808623356809763
487	0.34834506579537533	-2.1222132507276465	10.848366452752124
488	0.5262010742115181	-1.9542410445053107	10.908429538038197
489	0.6402337995194847	-1.7423427800092912	10.982932058701598
490	0.6792808827168801	-1.507260806268116	11.064582540173467
491	0.6395201892035359	-1.2720062789930378	11.145386913636345
492	0.5248437498534819	-1.059607798653715	11.217436598136883
493	0.34647682396698326	-0.8908562044205921	11.273678519417553
494	0.1218792923873488	-0.7822704122510032	11.308608266119434
495	-0.12696370950760905	-0.7444791660639408	11.318804268192224
496	-0.37569366811638555	-0.7811818653635416	11.303270798114523
497	-0.5999631919687223	-0.8887859882962226	11.263527696240375
498	-0.7778192003912157	-1.056758274023261	11.20346459533178
499	-0.8918519256968465	-1.2686565092761715	11.128962080414594
500	-0.8353890739181222	-1.6602209215306443	11.491548315851201
501	-0.8005931725743944	-1.8652329565316115	11.418174720654514
502	-0.7002161241101079	-2.050311563704988	11.352640270479245
503	-0.5440834078291177	-2.197340092545253	11.301360619585822
504	-0.34747847030397383	-2.2919263687267075	11.269355374059868
505	-0.12964633720457763	-2.3248115665598825	11.259757174105555
506	0.08809006217817891	-2.2927768713126038	11.273506613881061
507	0.2844171822863174	-2.1989576486193743	11.30925574959085
508	0.4401171423381178	-2.052537958024094	11.363507083308367
509	0.539948930151033	-1.8678502152170438	11.430949299066908
510	0.5741403649797777	-1.6629728888782882	11.50498039767024
511	0.5393445240134138	-1.4579609792653199	11.578354940090527
512	0.43896744497758	-1.2728822028369458	11.643888451637515
513	0.28283475849802636	-1.1258536849605103	11.695168100352106
514	0.08622979862669582	-1.031267339328424	11.727173359543322
515	-0.13160234193087006	-0.998382236535937	11.736771540828435
516	-0.34933875543912457	-1.0304170206231678	11.723023055519308
517	-0.5456658912220339	-1.1242361288910607	11.687272970395082
518	-0.7013658214706457	-1.2706558085178394	11.633021638808392
519	-0.8011976390847056	-1.4553435367056706	11.56557942594696
520	-0.7392858300630182	-1.8222282934952185	11.934512299474372
521	-0.709463173665474	-1.997328891290984	11.869587147369538
522	-0.6233933813517668	-2.155389776002426	11.811503803467257
523	-0.48950145349280333	-2.280939042116479	11.765949095917712
524	-0.3208937054625344	-2.3616870008480637	11.737381922569902
525	-0.13407461586716066	-2.38972944586522	11.728598460216286
526	0.0526686307106774	-2.3623211569869222	11.740457357647275
527	0.22105632300911512	-2.2821454950482587	11.77180002171262
528	0.3546054929848879	-2.1570502267322196	11.819556457628485
529	0.4402434155807569	-1.9992807551923943	11.879053035028225
530	0.46958728274869144	-1.824280698795282	11.944465801832905
531	0.4397646561581316	-1.6491800425109628	12.009390965406167
532	0.353694833272877	-1.4911189885445228	12.067473370680167
533	0.21980290541464356	-1.3655697132919984	12.113028080025405
534	0.051195149928978806	-1.2848218148749095	12.141595241527646
535	-0.1356239314454141	-1.256779524492949	12.150379645400651
536	-0.3223671750683658	-1.2841876587351755	12.138519806441272
537	-0.49075488522036426	-1.3643634442402748	12.107178090021673
538	-0.6243040112614651	-1.489458537812393	12.059420716494937
539	-0.7099419934607913	-1.6472279947353357	11.99992414201631
540	-0.6425448461464119	-1.9890562099490572	12.376304019925534
541	-0.6176976678947834	-2.1345554035229934	12.320724696740724
542	-0.5459374207592498	-2.2658823586950425	12.270923079645573
543	-0.4342883658057247	-2.370182225303871	12.23177611129119
544	-0.2936795950824024	-2.4372449876775852	12.207113570439143
545	-0.13787482321596178	-2.4605064315334846	12.199351392771169
546	0.017874673529708326	-2.437689276084665	12.209247954570182
547	0.15832306427049792	-2.37102722268632	12.235835496265763
548	0.2697222815616305	-2.267045453057982	12.276510624851916
549	0.34116775478876943	-2.135922595941884	12.327292705528391
550	0.3656659765676581	-1.9904938218642811	12.383210342112143
551	0.3408188281183423	-1.8449946282880088	12.438789665272951
552	0.26905852137701547	-1.7136676877421861	12.488591279542998
553	0.15740951112754334	-1.6093678138190766	12.527738249297933
554	0.016800727366877214	-1.5423050368248297	12.552400793033588
555	-0.13900404636133198	-1.5190435820029105	12.560162972857894
556	-0.2947535356572999	-1.541860748417312	12.550266408898048
557	-0.43520191894867927	-1.6085228164366279	12.52367886432336
558	-0.5466011213392395	-1.7125045933745746	12.483003734288653
559	-0.6180466541698357	-1.8436274358737899	12.432221656533288
560	-0.54512800148202	-2.159954208143615	12.817037865470224
561	-0.5252525642367861	-2.276129462674662	12.77156916827819
562	-0.46779876323670044	-2.3809776227758697	12.730764036476689
563	-0.37839047808569093	-2.4642356331801136	12.698617710123004
564	-0.2657796832752841	-2.5177533262809515	12.678275457951663
565	-0.14098948432072314	-2.536292325220486	12.671730076169993
566	-0.01623520663540178	-2.5180377193600267	12.679621324631688
567	0.09627132107823168	-2.4647765455026183	12.701177520218405
568	0.185517178419443	-2.381722061321595	12.734286990175821
569	0.2427663569457678	-2.2770046590192567	12.775710935507952
570	0.2624149181427019	-2.1608744829566797	12.82139297529662
571	0.2425395106986128	-2.0446992430448514	12.866861669591543
572	0.1850856798950466	-1.9398510975675343	12.907666798543941
573	0.09567741041501214	-1.8565932491086792	12.939814064974462
574	-0.016933387024792163	-1.8030753556798498	12.960155384600371
575	-0.14172359902093068	-1.784536395122918	12.966700758850637
576	-0.2664778673899636	-1.8027909626010665	12.95880951792335
577	-0.37898439619948865	-1.8560523367867587	12.937254254885062
578	-0.46823026176109683	-1.9391066590218091	12.904143844844809
579	-0.5254794104839412	-2.043824046700257	12.862719902361784
580	-0.44700278363602053	-2.334087188678459	13.256607713476175
581	-0.43207761989141474	-2.4212683625157854	13.222117843300708
582	-0.3889111822014155	-2.499945111127503	13.19114196764604
583	-0.3217289433229376	-2.5624161507095256	13.166713025006766
584	-0.2371071305465991	-2.6025661126370614	13.1512208882038
585	-0.14332914777124137	-2.6164650677636145	13.146183232796437
586	-0.04957461297166606	-2.602752393884706	13.15209266118912
587	0.0349791160859824	-2.5627702930633203	13.168370291041112
588	0.10205533424682751	-2.5004327077747357	13.193423820619296
589	0.14508814262506262	-2.421841510261738	13.224800034861904
590	0.1598652141105995	-2.3346898194776355	13.259427873452054
591	0.1449400511352285	-2.2475088148976425	13.293918682279804
592	0.10177362012715664	-2.16883188971723	13.324893620712743
593	0.034591372704252776	-2.1063610248763545	13.349323500934384
594	-0.05003043075973895	-2.0662110739142543	13.364815635575019
595	-0.14380842098523686	-2.0523121133052027	13.369853292065798
596	-0.23756295578525016	-2.066024792667194	13.3639438625957
597	-0.3221166800221559	-2.1060066986430876	13.347665299114862
598	-0.38919291122224275	-2.1683442930711654	13.322611767751486
599	-0.432225727050472	-2.2469354832739703	13.291235554951434
